"watercut";"seamtop";"densityRR";"pressure";"conductivity";"Neural_Net_Output"
0.224999994;2157.253906;1336.523926;229.1174011;42.10309982;0.999796343098516
0.467900008;2154.03833;2756.232178;156.3013;77.47979736;0.970845772919631
0.431100011;2133.276611;1807.07312;204.0834961;116.7214966;0.997773128624017
0.798300028;2142.271973;905.7340088;268.2395935;154.1887054;0.999971328373952
0.67049998;2149.954346;1032.994507;99.09320068;122.7040024;0.999771737317135
